catalogue,category,treatment,category_slug,slug,url,storage,duplicate_count,issue
hub,"Glass Skin & Glow","Skin Boosters","glass-skin","skin-boosters","/images/treatments/photo-1616394584738-fc6e612e71b9.jpg",local-public,3,"duplicate hub image"
hub,"Glass Skin & Glow","Bio-Remodelling Therapy","glass-skin","profhilo-bioremodelling","/images/treatments/photo-1643684391140-c5056cfd3436.jpg",local-public,3,"duplicate hub image"
hub,"Glass Skin & Glow","Medi-Facial (Hydra)","glass-skin","hydrafacial","/images/treatments/photo-1570172619644-dfd03ed5d881.jpg",local-public,3,"duplicate hub image"
hub,"Glass Skin & Glow","Brightening Protocol","glass-skin","glutathione-brightening","/images/treatments/photo-1731514771613-991a02407132.jpg",local-public,3,"duplicate hub image"
hub,"Glass Skin & Glow","Exosome Therapy","glass-skin","exosome-therapy","/images/treatments/photo-1544717304-a2db4a7b16ee.jpg",local-public,3,"duplicate hub image"
hub,"Glass Skin & Glow","Doctor-Led Skincare","glass-skin","cosmeceuticals","/images/treatments/photo-1643684460412-76908d8e5a25.jpg",local-public,3,"duplicate hub image"
hub,"Glass Skin & Glow","Aqua Peel","glass-skin","aqua-peel","/images/treatments/photo-1552693673-1bf958298935.jpg",local-public,3,"duplicate hub image"
hub,"Glass Skin & Glow","Milk Peel","glass-skin","milk-peel","/images/treatments/photo-1713085085470-fba013d67e65.jpg",local-public,3,"duplicate hub image"
hub,"Glass Skin & Glow","Oxygen Infusion Facial","glass-skin","oxygen-facial","/images/treatments/photo-1761718209835-c8586b7dcac0.jpg",local-public,3,"duplicate hub image"
hub,"Glass Skin & Glow","Cryo Facial","glass-skin","cryo-facial","/images/treatments/photo-1761718209708-9ab9ba1c7252.jpg",local-public,3,"duplicate hub image"
hub,"Glass Skin & Glow","LED Phototherapy","glass-skin","led-phototherapy","/images/treatments/photo-1785861433534-8cd4c7b994fa.jpg",local-public,3,"duplicate hub image"
hub,"Glass Skin & Glow","Carbon Laser Peel","glass-skin","carbon-laser-peel","/images/treatments/photo-1785861775561-c6db7da314a0.jpg",local-public,3,"duplicate hub image"
hub,"Glass Skin & Glow","Polynucleotide Therapy","glass-skin","polynucleotide-therapy","/images/treatments/photo-1746017062285-13c77e29fc25.jpg",local-public,3,"duplicate hub image"
hub,"Glass Skin & Glow","NCTF Mesotherapy","glass-skin","nctf-mesotherapy","/images/treatments/photo-1666446224369-2783384adf02.jpg",local-public,3,"duplicate hub image"
hub,"Glass Skin & Glow","Glass Skin Programme","glass-skin","glass-skin-programme","/images/treatments/photo-1761718209694-70031ee64f82.jpg",local-public,3,"duplicate hub image"
hub,"Glass Skin & Glow","Barrier Repair Facial","glass-skin","barrier-repair-facial","/images/treatments/photo-1573461160327-b450ce3d8e7f.jpg",local-public,3,"duplicate hub image"
hub,"Glass Skin & Glow","Enzyme Peel","glass-skin","enzyme-peel","/images/treatments/photo-1585945037805-5fd82c2e60b1.jpg",local-public,3,"duplicate hub image"
hub,"Glass Skin & Glow","Ultrasonic Deep Cleanse","glass-skin","ultrasonic-scrubbing","/images/treatments/photo-1761718209852-54ca4210183e.jpg",local-public,3,"duplicate hub image"
hub,"Lifting & Tightening","Thread Lift","lifting","thread-lift","/images/treatments/photo-1754941622138-b3c3671f2fa8.jpg",local-public,3,"duplicate hub image"
hub,"Lifting & Tightening","HIFU Skin Tightening","lifting","hifu-ultherapy","/images/treatments/photo-1754941622117-97957c5d669b.jpg",local-public,3,"duplicate hub image"
hub,"Lifting & Tightening","RF Microneedling","lifting","rf-microneedling","/images/treatments/photo-1754941622136-6664a3f50b2e.jpg",local-public,3,"duplicate hub image"
hub,"Lifting & Tightening","Collagen Biostimulators","lifting","collagen-biostimulators","/images/treatments/photo-1598300195998-364bf445842c.jpg",local-public,3,"duplicate hub image"
hub,"Lifting & Tightening","Neck & Décolleté Lift","lifting","neck-lift-nonsurgical","/images/treatments/photo-1761819922058-d15028ed9817.jpg",local-public,3,"duplicate hub image"
hub,"Lifting & Tightening","Jawline Definition","lifting","jawline-definition","/images/treatments/photo-1723540634462-528708cc17aa.jpg",local-public,3,"duplicate hub image"
hub,"Lifting & Tightening","Ultherapy","lifting","ultherapy","/images/treatments/photo-1730288951113-9cc087c14b83.jpg",local-public,3,"duplicate hub image"
hub,"Lifting & Tightening","Shurink Lifting","lifting","shurink-universe","/images/treatments/photo-1732993486279-9d0f3b91adb2.jpg",local-public,3,"duplicate hub image"
hub,"Lifting & Tightening","Monopolar RF Lifting","lifting","oligio-rf","/images/treatments/photo-1761819920857-7edc5e808fd3.jpg",local-public,3,"duplicate hub image"
hub,"Lifting & Tightening","Density HIFU","lifting","density-lifting","/images/treatments/photo-1763310225009-50214e3c99d9.jpg",local-public,3,"duplicate hub image"
hub,"Lifting & Tightening","PDO Mono Threads","lifting","pdo-mono-threads","/images/treatments/photo-1761819922656-d1b77eef49c0.jpg",local-public,3,"duplicate hub image"
hub,"Lifting & Tightening","Cog Thread Lift","lifting","cog-thread-lift","/images/treatments/photo-1785861485926-93a13556d656.jpg",local-public,3,"duplicate hub image"
hub,"Lifting & Tightening","Suspension Thread Lift","lifting","silhouette-soft","/images/treatments/photo-1761819921052-2c34973e012c.jpg",local-public,3,"duplicate hub image"
hub,"Lifting & Tightening","Neck Tightening RF","lifting","neck-tightening-rf","/images/treatments/photo-1771946259544-f021c0fff49a.jpg",local-public,3,"duplicate hub image"
hub,"Lifting & Tightening","Non-Surgical Brow Lift","lifting","brow-lift-nonsurgical","/images/treatments/photo-1785861378703-1c991c4548ef.jpg",local-public,3,"duplicate hub image"
hub,"Lifting & Tightening","Eight-Point Lift","lifting","eight-point-lift","/images/treatments/photo-1785861084191-3600dfc2a6d6.jpg",local-public,3,"duplicate hub image"
hub,"Lifting & Tightening","Ballerina Lift","lifting","ballerina-lift","/images/treatments/photo-1785860945533-918a531bcdeb.jpg",local-public,3,"duplicate hub image"
hub,"Lifting & Tightening","Décolleté Firming","lifting","microfocused-neck","/images/treatments/photo-1552256031-811fa8f0a7b1.jpg",local-public,3,"duplicate hub image"
hub,"Botox & Anti-Wrinkle","Anti-Wrinkle (Forehead & Frown)","botox","botox","/images/treatments/photo-1650118791598-1c24d98d400b.jpg",local-public,3,"duplicate hub image"
hub,"Botox & Anti-Wrinkle","Baby Botox","botox","baby-botox","/images/treatments/photo-1745336670683-3b5586cb5f19.jpg",local-public,3,"duplicate hub image"
hub,"Botox & Anti-Wrinkle","Jaw Slimming (Masseter)","botox","masseter-slimming","/images/treatments/photo-1576157401730-e73772de4796.jpg",local-public,3,"duplicate hub image"
hub,"Botox & Anti-Wrinkle","Underarm Sweat Control","botox","hyperhidrosis","/images/treatments/photo-1670098073774-440ea94549d0.jpg",local-public,3,"duplicate hub image"
hub,"Botox & Anti-Wrinkle","Gummy Smile Correction","botox","gummy-smile","/images/treatments/photo-1784798340504-a0893a7743da.jpg",local-public,3,"duplicate hub image"
hub,"Botox & Anti-Wrinkle","Neck Band Softening","botox","neck-bands","/images/treatments/photo-1785861001619-b263ebd4e615.jpg",local-public,3,"duplicate hub image"
hub,"Botox & Anti-Wrinkle","Forehead Lines","botox","forehead-lines","/images/treatments/photo-1781513144825-aa1e284c5950.jpg",local-public,3,"duplicate hub image"
hub,"Botox & Anti-Wrinkle","Frown Lines","botox","frown-lines","/images/treatments/photo-1763310225108-9e16920156f3.jpg",local-public,3,"duplicate hub image"
hub,"Botox & Anti-Wrinkle","Crow's Feet","botox","crows-feet","/images/treatments/photo-1654781350550-0dc72ecb6fae.jpg",local-public,3,"duplicate hub image"
hub,"Botox & Anti-Wrinkle","Bunny Lines","botox","bunny-lines","/images/treatments/photo-1669998966162-9837617177cd.jpg",local-public,3,"duplicate hub image"
hub,"Botox & Anti-Wrinkle","Lip Flip","botox","lip-flip","/images/treatments/photo-1742280159636-3a06652ac9d9.jpg",local-public,3,"duplicate hub image"
hub,"Botox & Anti-Wrinkle","Chin Dimpling","botox","chin-dimpling","/images/treatments/photo-1700760933574-9f0f4ea9aa3b.jpg",local-public,3,"duplicate hub image"
hub,"Botox & Anti-Wrinkle","Brow Shaping","botox","brow-shaping-toxin","/images/treatments/photo-1700760933941-3a06a28fbf47.jpg",local-public,3,"duplicate hub image"
hub,"Botox & Anti-Wrinkle","Microtox / Skin Botox","botox","microtox","/images/treatments/photo-1700760934166-4c766d708139.jpg",local-public,3,"duplicate hub image"
hub,"Botox & Anti-Wrinkle","Underarm Sweat Treatment","botox","hyperhidrosis-underarm","/images/treatments/photo-1616391182219-e080b4d1043a.jpg",local-public,3,"duplicate hub image"
hub,"Botox & Anti-Wrinkle","Palm Sweat Treatment","botox","hyperhidrosis-palms","/images/treatments/photo-1589279003513-467d320f47eb.jpg",local-public,3,"duplicate hub image"
hub,"Botox & Anti-Wrinkle","Trapezius Slimming","botox","trapezius-toxin","/images/treatments/photo-1706795033849-7ca391f007c5.jpg",local-public,3,"duplicate hub image"
hub,"Fillers & Volume","Dermal Fillers","fillers","dermal-fillers","/images/treatments/photo-1706795033728-9232ef548a16.jpg",local-public,3,"duplicate hub image"
hub,"Fillers & Volume","Lip Enhancement","fillers","lip-filler","/images/treatments/photo-1512290923902-8a9f81dc236c.jpg",local-public,3,"duplicate hub image"
hub,"Fillers & Volume","Under-Eye (Tear Trough)","fillers","under-eye-filler","/images/treatments/photo-1713824096348-c1956e6da321.jpg",local-public,3,"duplicate hub image"
hub,"Fillers & Volume","Chin & Jaw Contour","fillers","chin-jaw-filler","/images/treatments/photo-1581182800629-7d90925ad072.jpg",local-public,3,"duplicate hub image"
hub,"Fillers & Volume","Smile Line Softening","fillers","nasolabial-fold","/images/treatments/photo-1555820585-c5ae44394b79.jpg",local-public,3,"duplicate hub image"
hub,"Fillers & Volume","Filler Dissolving","fillers","filler-dissolving","/images/treatments/photo-1581182815808-b6eb627a8798.jpg",local-public,3,"duplicate hub image"
hub,"Fillers & Volume","Cheek Augmentation","fillers","cheek-filler","/images/treatments/photo-1609357912334-e96886c0212b.jpg",local-public,3,"duplicate hub image"
hub,"Fillers & Volume","Tear Trough Filler","fillers","tear-trough","/images/treatments/photo-1599847987657-881f11b92a75.jpg",local-public,3,"duplicate hub image"
hub,"Fillers & Volume","Chin Projection","fillers","chin-filler","/images/treatments/photo-1541752857837-f8a0154fd092.jpg",local-public,3,"duplicate hub image"
hub,"Fillers & Volume","Jawline Contouring","fillers","jawline-filler","/images/treatments/photo-1598300188904-6287d52746ad.jpg",local-public,3,"duplicate hub image"
hub,"Fillers & Volume","Nasolabial Fold Softening","fillers","nasolabial-filler","/images/treatments/photo-1598300188480-626f2f79ab8d.jpg",local-public,3,"duplicate hub image"
hub,"Fillers & Volume","Marionette Line Correction","fillers","marionette-filler","/images/treatments/photo-1606501190025-f3ad6d3ea6ae.jpg",local-public,3,"duplicate hub image"
hub,"Fillers & Volume","Temple Restoration","fillers","temple-filler","/images/treatments/photo-1676312754401-d97fe43c2c4b.jpg",local-public,3,"duplicate hub image"
hub,"Fillers & Volume","Hand Rejuvenation","fillers","hand-rejuvenation","/images/treatments/photo-1741522509438-a120c0bb5e88.jpg",local-public,3,"duplicate hub image"
hub,"Fillers & Volume","Earlobe Restoration","fillers","earlobe-filler","/images/treatments/photo-1551184451-76b762941ad6.jpg",local-public,3,"duplicate hub image"
hub,"Fillers & Volume","Bio-Remodelling","fillers","profhilo","/images/treatments/photo-1501644898242-cfea317d7faf.jpg",local-public,3,"duplicate hub image"
hub,"Fillers & Volume","Collagen Stimulator","fillers","sculptra","/images/treatments/photo-1526413232644-8a40f03cc03b.jpg",local-public,3,"duplicate hub image"
hub,"Fillers & Volume","Calcium Hydroxylapatite Filler","fillers","radiesse","/images/treatments/photo-1630595271375-5073a6c0638b.jpg",local-public,3,"duplicate hub image"
hub,"Laser & Energy","Laser Toning","laser","laser-toning","/images/treatments/photo-1596178060671-7a80dc8059ea.jpg",local-public,3,"duplicate hub image"
hub,"Laser & Energy","Carbon Laser Peel","laser","carbon-peel","/images/treatments/photo-1630595633877-9918ee257288.jpg",local-public,3,"duplicate hub image"
hub,"Laser & Energy","Fractional Resurfacing","laser","fractional-co2","/images/treatments/photo-1630168258841-ea0ae143ee1f.jpg",local-public,3,"duplicate hub image"
hub,"Laser & Energy","IPL Photofacial","laser","ipl-photofacial","/images/treatments/photo-1541715301255-12a4839b424a.jpg",local-public,3,"duplicate hub image"
hub,"Laser & Energy","Pico Laser","laser","pico-laser","/images/treatments/photo-1557296387-5358ad7997bb.jpg",local-public,3,"duplicate hub image"
hub,"Laser & Energy","Vascular Laser","laser","vascular-laser","/images/treatments/photo-1520529277867-dbf8c5e0b340.jpg",local-public,3,"duplicate hub image"
hub,"Laser & Energy","Non-Ablative Fractional Laser","laser","erbium-glass","/images/treatments/photo-1636406269177-4827c00bb263.jpg",local-public,3,"duplicate hub image"
hub,"Laser & Energy","Picosecond Laser","laser","picosecond-laser","/images/treatments/photo-1542131597-a4390333d136.jpg",local-public,3,"duplicate hub image"
hub,"Laser & Energy","Q-Switched Nd:YAG","laser","q-switched-ndyag","/images/treatments/photo-1602033350291-a9ab8d800269.jpg",local-public,3,"duplicate hub image"
hub,"Laser & Energy","Vascular Laser","laser","vbeam-vascular","/images/treatments/photo-1515027037286-7da2d06130cf.jpg",local-public,3,"duplicate hub image"
hub,"Laser & Energy","Laser Genesis","laser","laser-genesis","/images/treatments/photo-1578489758854-f134a358f08b.jpg",local-public,3,"duplicate hub image"
hub,"Laser & Energy","Light Fractional Resurfacing","laser","clear-brilliant","/images/treatments/photo-1627295336594-fb96e56ea5f3.jpg",local-public,3,"duplicate hub image"
hub,"Laser & Energy","RF Microneedling","laser","rf-microneedling-face","/images/treatments/photo-1535485156230-020016c5b156.jpg",local-public,3,"duplicate hub image"
hub,"Laser & Energy","Insulated RF Microneedling","laser","potenza","/images/treatments/photo-1594715271011-63c18acf1489.jpg",local-public,3,"duplicate hub image"
hub,"Laser & Energy","Thulium Laser","laser","thulium-laser","/images/treatments/photo-1628501023521-48cece9a6909.jpg",local-public,3,"duplicate hub image"
hub,"Laser & Energy","Long-Pulsed Nd:YAG","laser","long-pulsed-ndyag","/images/treatments/photo-1675773051474-55c4b7d2cf53.jpg",local-public,3,"duplicate hub image"
hub,"Laser & Energy","Excimer Laser","laser","excimer-laser","/images/treatments/photo-1584531910632-0c55032af6d8.jpg",local-public,3,"duplicate hub image"
hub,"Laser Hair Removal","Full Face","hair-removal","lhr-full-face","/images/treatments/photo-1580870069867-74c57ee1bb07.jpg",local-public,3,"duplicate hub image"
hub,"Laser Hair Removal","Underarms","hair-removal","lhr-underarms","/images/treatments/photo-1552046122-03184de85e08.jpg",local-public,3,"duplicate hub image"
hub,"Laser Hair Removal","Full Legs","hair-removal","lhr-full-legs","/images/treatments/photo-1608571423902-eed4a5ad8108.jpg",local-public,3,"duplicate hub image"
hub,"Laser Hair Removal","Full Body Package","hair-removal","lhr-full-body","/images/treatments/photo-1619451427882-6aaaded0cc61.jpg",local-public,3,"duplicate hub image"
hub,"Laser Hair Removal","Bikini & Intimate","hair-removal","lhr-bikini","/images/treatments/photo-1620916297397-a4a5402a3c6c.jpg",local-public,3,"duplicate hub image"
hub,"Laser Hair Removal","Beard Shaping (Men)","hair-removal","lhr-mens-beard","/images/treatments/photo-1540555700478-4be289fbecef.jpg",local-public,2,"duplicate hub image"
hub,"Laser Hair Removal","Full Face","hair-removal","full-face-laser","/images/treatments/photo-1624454002302-36b824d7bd0a.jpg",local-public,2,"duplicate hub image"
hub,"Laser Hair Removal","Upper Lip & Chin","hair-removal","upper-lip-chin","/images/treatments/photo-1631730486572-226d1f595b68.jpg",local-public,2,"duplicate hub image"
hub,"Laser Hair Removal","Underarms","hair-removal","underarm-laser","/images/treatments/photo-1633179963355-44f57f194d54.jpg",local-public,3,"duplicate hub image"
hub,"Laser Hair Removal","Full Arms","hair-removal","full-arms-laser","/images/treatments/photo-1590540179852-2110a54f813a.jpg",local-public,2,"duplicate hub image"
hub,"Laser Hair Removal","Full Legs","hair-removal","full-legs-laser","/images/treatments/photo-1773078280516-df823e1c9d78.jpg",local-public,2,"duplicate hub image"
hub,"Laser Hair Removal","Bikini Line","hair-removal","bikini-laser","/images/treatments/photo-1512663150964-d8f43c899f76.jpg",local-public,2,"duplicate hub image"
hub,"Laser Hair Removal","Back & Shoulders","hair-removal","back-shoulders-laser","/images/treatments/photo-1670347850299-dfd2821b5a1f.jpg",local-public,2,"duplicate hub image"
hub,"Laser Hair Removal","Chest & Abdomen","hair-removal","chest-abdomen-laser","/images/treatments/photo-1557508103-5a4308dc24bb.jpg",local-public,2,"duplicate hub image"
hub,"Laser Hair Removal","Beard Line Shaping","hair-removal","beard-shaping-laser","/images/treatments/photo-1761819921384-819b969a6dfc.jpg",local-public,2,"duplicate hub image"
hub,"Laser Hair Removal","Diode Laser","hair-removal","diode-laser-hair","/images/treatments/photo-1785860420936-b4f8bb4de5e1.jpg",local-public,2,"duplicate hub image"
hub,"Laser Hair Removal","Nd:YAG for Deeper Skin","hair-removal","ndyag-hair-dark-skin","/images/treatments/photo-1785860458107-5be1a99d4188.jpg",local-public,2,"duplicate hub image"
hub,"Laser Hair Removal","PCOS Facial Hair Programme","hair-removal","pcos-facial-hair","/images/treatments/photo-1785860333038-5c6dce348544.jpg",local-public,2,"duplicate hub image"
hub,"Hair Restoration","PRP Hair Therapy","hair-restoration","prp-hair","/images/treatments/photo-1733685373279-a10ac3f255e7.jpg",local-public,2,"duplicate hub image"
hub,"Hair Restoration","GFC Growth Factor","hair-restoration","gfc-therapy","/images/treatments/photo-1643837833100-8b2ebd7127bc.jpg",local-public,2,"duplicate hub image"
hub,"Hair Restoration","Scalp Mesotherapy","hair-restoration","hair-mesotherapy","/images/treatments/photo-1773078280398-18fa2291eef1.jpg",local-public,2,"duplicate hub image"
hub,"Hair Restoration","FUE Hair Transplant","hair-restoration","hair-transplant-fue","/images/treatments/photo-1519823551278-64ac92734fb1.jpg",local-public,3,"duplicate hub image"
hub,"Hair Restoration","Hairline Design","hair-restoration","hairline-design","/images/treatments/photo-1745327883508-b6cd32e5dde5.jpg",local-public,3,"duplicate hub image"
hub,"Hair Restoration","Hair Fall Diagnostics","hair-restoration","hair-fall-workup","/images/treatments/photo-1639162906614-0603b0ae95fd.jpg",local-public,3,"duplicate hub image"
hub,"Hair Restoration","PRP Scalp Therapy","hair-restoration","prp-scalp","/images/treatments/photo-1544161515-4ab6ce6db874.jpg",local-public,3,"duplicate hub image"
hub,"Hair Restoration","Exosome Scalp Therapy","hair-restoration","exosome-scalp","/images/treatments/photo-1696841212541-449ca29397cc.jpg",local-public,3,"duplicate hub image"
hub,"Hair Restoration","FUE Hair Transplant","hair-restoration","fue-transplant","/images/treatments/photo-1519824145371-296894a0daa9.jpg",local-public,3,"duplicate hub image"
hub,"Hair Restoration","DHI Hair Transplant","hair-restoration","dhi-transplant","/images/treatments/photo-1712638932314-e2b185ca0930.jpg",local-public,3,"duplicate hub image"
hub,"Hair Restoration","Beard Transplant","hair-restoration","beard-transplant","/images/treatments/photo-1741522509407-41cfe73b0b75.jpg",local-public,3,"duplicate hub image"
hub,"Hair Restoration","Eyebrow Transplant","hair-restoration","eyebrow-transplant","/images/treatments/photo-1617952986600-802f965dcdbc.jpg",local-public,3,"duplicate hub image"
hub,"Hair Restoration","Scalp Micropigmentation","hair-restoration","scalp-micropigmentation","/images/treatments/photo-1611073615830-9f76902c10fe.jpg",local-public,3,"duplicate hub image"
hub,"Hair Restoration","Low-Level Laser Therapy","hair-restoration","low-level-laser-hair","/images/treatments/photo-1489278353717-f64c6ee8a4d2.jpg",local-public,3,"duplicate hub image"
hub,"Hair Restoration","Female Pattern Hair Loss Programme","hair-restoration","female-pattern-programme","/images/treatments/photo-1606811971618-4486d14f3f99.jpg",local-public,3,"duplicate hub image"
hub,"Hair Restoration","Alopecia Areata Treatment","hair-restoration","alopecia-areata-treatment","/images/treatments/photo-1677026010083-78ec7f1b84ed.jpg",local-public,3,"duplicate hub image"
hub,"Hair Restoration","Seborrhoeic Dermatitis Care","hair-restoration","dandruff-seborrheic","/images/treatments/photo-1667133295315-820bb6481730.jpg",local-public,2,"duplicate hub image"
hub,"Hair Restoration","Clinical Scalp Detox","hair-restoration","scalp-detox","/images/treatments/photo-1548382131-e0ebb1f0cdea.jpg",local-public,2,"duplicate hub image"
hub,"Acne & Scars","Active Acne Programme","acne-scars","acne-treatment","/images/treatments/photo-1667133295308-9ef24f71952e.jpg",local-public,2,"duplicate hub image"
hub,"Acne & Scars","Acne Scar Revision","acne-scars","scar-revision","/images/treatments/photo-1654373535457-383a0a4d00f9.jpg",local-public,2,"duplicate hub image"
hub,"Acne & Scars","Microneedling","acne-scars","microneedling","/images/treatments/photo-1562337404-3044c84ac061.jpg",local-public,2,"duplicate hub image"
hub,"Acne & Scars","Chemical Peels","acne-scars","chemical-peels","/images/treatments/photo-1567516364473-233c4b6fcfbe.jpg",local-public,2,"duplicate hub image"
hub,"Acne & Scars","Medical Extraction","acne-scars","comedone-extraction","/images/treatments/photo-1611695434369-a8f5d76ceb7b.jpg",local-public,2,"duplicate hub image"
hub,"Acne & Scars","Post-Acne Mark Fading","acne-scars","post-acne-marks","/images/treatments/photo-1663755489920-5e09f66d011a.jpg",local-public,2,"duplicate hub image"
hub,"Acne & Scars","Subcision","acne-scars","subcision","/images/treatments/photo-1674775372058-c4c8813c6611.jpg",local-public,2,"duplicate hub image"
hub,"Acne & Scars","TCA CROSS","acne-scars","trca-cross","/images/treatments/photo-1698749778813-ad5f2814e50f.jpg",local-public,2,"duplicate hub image"
hub,"Acne & Scars","Punch Excision","acne-scars","punch-excision","/images/treatments/photo-1544843776-7c98a52e08a4.jpg",local-public,3,"duplicate hub image"
hub,"Acne & Scars","Scar Filling","acne-scars","scar-filler","/images/treatments/photo-1488345979593-09db0f85545f.jpg",local-public,2,"duplicate hub image"
hub,"Acne & Scars","Microneedling for Scars","acne-scars","microneedling-scars","/images/treatments/photo-1554424518-336ec861b705.jpg",local-public,2,"duplicate hub image"
hub,"Acne & Scars","Medical Extraction Facial","acne-scars","acne-extraction","/images/treatments/photo-1583416750470-965b2707b355.jpg",local-public,2,"duplicate hub image"
hub,"Acne & Scars","Intralesional Injection","acne-scars","intralesional-steroid","/images/treatments/photo-1600334089648-b0d9d3028eb2.jpg",local-public,2,"duplicate hub image"
hub,"Acne & Scars","Oral Retinoid Programme","acne-scars","isotretinoin-monitoring","/images/treatments/photo-1583417267826-aebc4d1542e1.jpg",local-public,2,"duplicate hub image"
hub,"Acne & Scars","Salicylic Acid Peel","acne-scars","salicylic-peel","/images/treatments/photo-1616394584738-fc6e612e71b9.jpg",local-public,3,"duplicate hub image"
hub,"Acne & Scars","Keloid Management","acne-scars","keloid-treatment","/images/treatments/photo-1763310225009-50214e3c99d9.jpg",local-public,3,"duplicate hub image"
hub,"Acne & Scars","Hypertrophic Scar Treatment","acne-scars","hypertrophic-scar","/images/treatments/photo-1771946259544-f021c0fff49a.jpg",local-public,3,"duplicate hub image"
hub,"Acne & Scars","Post-Acne Mark Treatment","acne-scars","post-acne-pigmentation","/images/treatments/photo-1785861433534-8cd4c7b994fa.jpg",local-public,3,"duplicate hub image"
hub,"Acne & Scars","Hormonal Acne Assessment","acne-scars","hormonal-acne-workup","/images/treatments/photo-1552256031-811fa8f0a7b1.jpg",local-public,3,"duplicate hub image"
hub,"Acne & Scars","Back & Chest Acne","acne-scars","back-acne-treatment","/images/treatments/photo-1741522509438-a120c0bb5e88.jpg",local-public,3,"duplicate hub image"
hub,"Pigmentation & Melasma","Melasma Protocol","pigmentation","melasma-treatment","/images/treatments/photo-1785861775561-c6db7da314a0.jpg",local-public,3,"duplicate hub image"
hub,"Pigmentation & Melasma","Pigmentation Treatment","pigmentation","pigmentation","/images/treatments/photo-1754941622138-b3c3671f2fa8.jpg",local-public,3,"duplicate hub image"
hub,"Pigmentation & Melasma","Underarm & Intimate Lightening","pigmentation","underarm-lightening","/images/treatments/photo-1754941622117-97957c5d669b.jpg",local-public,3,"duplicate hub image"
hub,"Pigmentation & Melasma","De-Tan Programme","pigmentation","tan-removal","/images/treatments/photo-1754941622136-6664a3f50b2e.jpg",local-public,3,"duplicate hub image"
hub,"Pigmentation & Melasma","Dark Circle Correction","pigmentation","dark-circles","/images/treatments/photo-1598300195998-364bf445842c.jpg",local-public,3,"duplicate hub image"
hub,"Pigmentation & Melasma","Freckle & Sunspot Clearing","pigmentation","freckle-removal","/images/treatments/photo-1761819922058-d15028ed9817.jpg",local-public,3,"duplicate hub image"
hub,"Pigmentation & Melasma","Melasma Programme","pigmentation","melasma-programme","/images/treatments/photo-1784798340504-a0893a7743da.jpg",local-public,3,"duplicate hub image"
hub,"Pigmentation & Melasma","Tranexamic Acid Therapy","pigmentation","tranexamic-therapy","/images/treatments/photo-1785861001619-b263ebd4e615.jpg",local-public,3,"duplicate hub image"
hub,"Pigmentation & Melasma","Depigmenting Mask Peel","pigmentation","cosmelan-peel","/images/treatments/photo-1643684391140-c5056cfd3436.jpg",local-public,3,"duplicate hub image"
hub,"Pigmentation & Melasma","Glutathione Infusion","pigmentation","glutathione-iv","/images/treatments/photo-1781513144825-aa1e284c5950.jpg",local-public,3,"duplicate hub image"
hub,"Pigmentation & Melasma","Brightening Peel","pigmentation","kojic-peel","/images/treatments/photo-1570172619644-dfd03ed5d881.jpg",local-public,3,"duplicate hub image"
hub,"Pigmentation & Melasma","Hori's Nevus Treatment","pigmentation","hori-nevus","/images/treatments/photo-1723540634462-528708cc17aa.jpg",local-public,3,"duplicate hub image"
hub,"Pigmentation & Melasma","Underarm Brightening","pigmentation","underarm-brightening","/images/treatments/photo-1519823551278-64ac92734fb1.jpg",local-public,3,"duplicate hub image"
hub,"Pigmentation & Melasma","Body Fold Brightening","pigmentation","intimate-brightening","/images/treatments/photo-1745327883508-b6cd32e5dde5.jpg",local-public,3,"duplicate hub image"
hub,"Pigmentation & Melasma","Sun Damage Repair","pigmentation","sun-damage-repair","/images/treatments/photo-1730288951113-9cc087c14b83.jpg",local-public,3,"duplicate hub image"
hub,"Pigmentation & Melasma","Vitiligo Management","pigmentation","vitiligo-management","/images/treatments/photo-1763310225108-9e16920156f3.jpg",local-public,3,"duplicate hub image"
hub,"Pigmentation & Melasma","Knuckle & Elbow Lightening","pigmentation","dark-knuckles","/images/treatments/photo-1639162906614-0603b0ae95fd.jpg",local-public,3,"duplicate hub image"
hub,"Eye Rejuvenation","Tear Trough Correction","eyes","tear-trough-correction","/images/treatments/photo-1746017062285-13c77e29fc25.jpg",local-public,3,"duplicate hub image"
hub,"Eye Rejuvenation","Crow's Feet Softening","eyes","crows-feet","/images/treatments/photo-1666446224369-2783384adf02.jpg",local-public,3,"duplicate hub image"
hub,"Eye Rejuvenation","Non-Surgical Eyelid Tightening","eyes","eyelid-tightening","/images/treatments/photo-1761819922656-d1b77eef49c0.jpg",local-public,3,"duplicate hub image"
hub,"Eye Rejuvenation","Under-Eye Brightening","eyes","eye-brightening","/images/treatments/photo-1785861485926-93a13556d656.jpg",local-public,3,"duplicate hub image"
hub,"Eye Rejuvenation","Chemical Brow Lift","eyes","brow-lift","/images/treatments/photo-1761819921052-2c34973e012c.jpg",local-public,3,"duplicate hub image"
hub,"Eye Rejuvenation","Lash Growth Therapy","eyes","eyelash-growth","/images/treatments/photo-1581182800629-7d90925ad072.jpg",local-public,3,"duplicate hub image"
hub,"Eye Rejuvenation","Dark Circle Assessment","eyes","dark-circle-assessment","/images/treatments/photo-1654781350550-0dc72ecb6fae.jpg",local-public,3,"duplicate hub image"
hub,"Eye Rejuvenation","Under-Eye Mesotherapy","eyes","under-eye-mesotherapy","/images/treatments/photo-1785861378703-1c991c4548ef.jpg",local-public,3,"duplicate hub image"
hub,"Eye Rejuvenation","Under-Eye PRP","eyes","under-eye-prp","/images/treatments/photo-1785861084191-3600dfc2a6d6.jpg",local-public,3,"duplicate hub image"
hub,"Eye Rejuvenation","Periorbital Tightening","eyes","eye-rf-tightening","/images/treatments/photo-1732993486279-9d0f3b91adb2.jpg",local-public,3,"duplicate hub image"
hub,"Eye Rejuvenation","Eyelid Resurfacing","eyes","eyelid-laser","/images/treatments/photo-1761819920857-7edc5e808fd3.jpg",local-public,3,"duplicate hub image"
hub,"Eye Rejuvenation","Eye Bag Evaluation","eyes","eye-bag-assessment","/images/treatments/photo-1669998966162-9837617177cd.jpg",local-public,3,"duplicate hub image"
hub,"Eye Rejuvenation","Milia Removal","eyes","milia-removal","/images/treatments/photo-1742280159636-3a06652ac9d9.jpg",local-public,3,"duplicate hub image"
hub,"Eye Rejuvenation","Brow Density Treatment","eyes","eyebrow-restoration","/images/treatments/photo-1555820585-c5ae44394b79.jpg",local-public,3,"duplicate hub image"
hub,"Eye Rejuvenation","Xanthelasma Removal","eyes","xanthelasma-removal","/images/treatments/photo-1700760933574-9f0f4ea9aa3b.jpg",local-public,3,"duplicate hub image"
hub,"Nose Reshaping","Liquid Rhinoplasty","nose","liquid-rhinoplasty","/images/treatments/photo-1700760933941-3a06a28fbf47.jpg",local-public,3,"duplicate hub image"
hub,"Nose Reshaping","Tip Lift & Refinement","nose","nose-tip-lift","/images/treatments/photo-1700760934166-4c766d708139.jpg",local-public,3,"duplicate hub image"
hub,"Nose Reshaping","Nose Thread Lift","nose","nose-thread-lift","/images/treatments/photo-1616391182219-e080b4d1043a.jpg",local-public,3,"duplicate hub image"
hub,"Nose Reshaping","Nostril Slimming","nose","nostril-slimming","/images/treatments/photo-1589279003513-467d320f47eb.jpg",local-public,3,"duplicate hub image"
hub,"Nose Reshaping","Dorsal Hump Camouflage","nose","nose-bump-camouflage","/images/treatments/photo-1706795033849-7ca391f007c5.jpg",local-public,3,"duplicate hub image"
hub,"Nose Reshaping","Revision Assessment","nose","nose-revision-assessment","/images/treatments/photo-1581182815808-b6eb627a8798.jpg",local-public,3,"duplicate hub image"
hub,"Face Contouring","V-Line Contouring","face-contour","v-line-contouring","/images/treatments/photo-1785860945533-918a531bcdeb.jpg",local-public,3,"duplicate hub image"
hub,"Face Contouring","Double Chin Reduction","face-contour","double-chin-reduction","/images/treatments/photo-1650118791598-1c24d98d400b.jpg",local-public,3,"duplicate hub image"
hub,"Face Contouring","Cheek Definition","face-contour","cheek-definition","/images/treatments/photo-1745336670683-3b5586cb5f19.jpg",local-public,3,"duplicate hub image"
hub,"Face Contouring","Buccal Slimming (Non-Surgical)","face-contour","buccal-slimming","/images/treatments/photo-1576157401730-e73772de4796.jpg",local-public,3,"duplicate hub image"
hub,"Face Contouring","Temple Restoration","face-contour","temple-hollowing","/images/treatments/photo-1670098073774-440ea94549d0.jpg",local-public,3,"duplicate hub image"
hub,"Face Contouring","Full Facial Balancing","face-contour","facial-balancing","/images/treatments/photo-1731514771613-991a02407132.jpg",local-public,3,"duplicate hub image"
hub,"Face Contouring","Submental Fat Dissolving","face-contour","double-chin-injection","/images/treatments/photo-1544717304-a2db4a7b16ee.jpg",local-public,3,"duplicate hub image"
hub,"Face Contouring","Buccal Fat Evaluation","face-contour","buccal-fat-assessment","/images/treatments/photo-1609357912334-e96886c0212b.jpg",local-public,3,"duplicate hub image"
hub,"Face Contouring","Jaw Slimming Programme","face-contour","jaw-slimming-programme","/images/treatments/photo-1643684460412-76908d8e5a25.jpg",local-public,3,"duplicate hub image"
hub,"Face Contouring","Cheekbone Definition","face-contour","cheekbone-definition","/images/treatments/photo-1552693673-1bf958298935.jpg",local-public,3,"duplicate hub image"
hub,"Face Contouring","Facial Slimming HIFU","face-contour","facial-slimming-hifu","/images/treatments/photo-1713085085470-fba013d67e65.jpg",local-public,3,"duplicate hub image"
hub,"Face Contouring","Neck Contouring","face-contour","neck-contour","/images/treatments/photo-1761718209835-c8586b7dcac0.jpg",local-public,3,"duplicate hub image"
hub,"Face Contouring","Facial Fat Transfer","face-contour","facial-fat-grafting","/images/treatments/photo-1599847987657-881f11b92a75.jpg",local-public,3,"duplicate hub image"
hub,"Face Contouring","Facial Asymmetry Correction","face-contour","asymmetry-correction","/images/treatments/photo-1761718209708-9ab9ba1c7252.jpg",local-public,3,"duplicate hub image"
hub,"Face Contouring","Smile Design Consultation","face-contour","smile-line-design","/images/treatments/photo-1489278353717-f64c6ee8a4d2.jpg",local-public,3,"duplicate hub image"
hub,"Face Contouring","Chin & Neck Lift","face-contour","chin-neck-lift","/images/treatments/photo-1761718209694-70031ee64f82.jpg",local-public,3,"duplicate hub image"
hub,"Body & Fat Reduction","Fat Dissolving (Lipolysis)","body-fat","fat-dissolving","/images/treatments/photo-1544161515-4ab6ce6db874.jpg",local-public,3,"duplicate hub image"
hub,"Body & Fat Reduction","Body Contouring","body-fat","body-contouring","/images/treatments/photo-1696841212541-449ca29397cc.jpg",local-public,3,"duplicate hub image"
hub,"Body & Fat Reduction","Cellulite Therapy","body-fat","cellulite-therapy","/images/treatments/photo-1519824145371-296894a0daa9.jpg",local-public,3,"duplicate hub image"
hub,"Body & Fat Reduction","Stretch Mark Therapy","body-fat","stretch-mark-therapy","/images/treatments/photo-1712638932314-e2b185ca0930.jpg",local-public,3,"duplicate hub image"
hub,"Body & Fat Reduction","Body Skin Tightening","body-fat","skin-tightening-body","/images/treatments/photo-1741522509407-41cfe73b0b75.jpg",local-public,3,"duplicate hub image"
hub,"Body & Fat Reduction","Back & Body Acne","body-fat","back-body-acne","/images/treatments/photo-1617952986600-802f965dcdbc.jpg",local-public,3,"duplicate hub image"
hub,"Body & Fat Reduction","Fat Freezing","body-fat","cryolipolysis","/images/treatments/photo-1611073615830-9f76902c10fe.jpg",local-public,3,"duplicate hub image"
hub,"Body & Fat Reduction","Electromagnetic Muscle Sculpting","body-fat","ems-muscle-sculpting","/images/treatments/photo-1544843776-7c98a52e08a4.jpg",local-public,3,"duplicate hub image"
hub,"Body & Fat Reduction","Ultrasonic Cavitation","body-fat","cavitation","/images/treatments/photo-1488345979593-09db0f85545f.jpg",local-public,2,"duplicate hub image"
hub,"Body & Fat Reduction","Body Skin Tightening","body-fat","body-rf-tightening","/images/treatments/photo-1554424518-336ec861b705.jpg",local-public,2,"duplicate hub image"
hub,"Body & Fat Reduction","Injection Lipolysis","body-fat","lipolytic-injection","/images/treatments/photo-1761718209852-54ca4210183e.jpg",local-public,3,"duplicate hub image"
hub,"Body & Fat Reduction","Cellulite Treatment","body-fat","cellulite-treatment","/images/treatments/photo-1541752857837-f8a0154fd092.jpg",local-public,3,"duplicate hub image"
hub,"Body & Fat Reduction","Stretch Mark Resurfacing","body-fat","stretch-mark-laser","/images/treatments/photo-1598300188904-6287d52746ad.jpg",local-public,3,"duplicate hub image"
hub,"Body & Fat Reduction","Post-Pregnancy Programme","body-fat","post-pregnancy-programme","/images/treatments/photo-1598300188480-626f2f79ab8d.jpg",local-public,3,"duplicate hub image"
hub,"Body & Fat Reduction","Arm Contouring","body-fat","arm-contouring","/images/treatments/photo-1606501190025-f3ad6d3ea6ae.jpg",local-public,3,"duplicate hub image"
hub,"Body & Fat Reduction","Thigh Contouring","body-fat","thigh-contouring","/images/treatments/photo-1676312754401-d97fe43c2c4b.jpg",local-public,3,"duplicate hub image"
hub,"Body & Fat Reduction","Back & Bra Line","body-fat","back-bra-line","/images/treatments/photo-1551184451-76b762941ad6.jpg",local-public,3,"duplicate hub image"
hub,"Body & Fat Reduction","Body Composition Review","body-fat","body-composition-review","/images/treatments/photo-1501644898242-cfea317d7faf.jpg",local-public,3,"duplicate hub image"
hub,"IV Drips & Wellness","IV Wellness Drips","wellness","iv-wellness-drips","/images/treatments/photo-1526413232644-8a40f03cc03b.jpg",local-public,3,"duplicate hub image"
hub,"IV Drips & Wellness","Antioxidant Drip","wellness","glutathione-drip","/images/treatments/photo-1630595271375-5073a6c0638b.jpg",local-public,3,"duplicate hub image"
hub,"IV Drips & Wellness","Deficiency Screening","wellness","deficiency-screening","/images/treatments/photo-1596178060671-7a80dc8059ea.jpg",local-public,3,"duplicate hub image"
hub,"IV Drips & Wellness","Rehydration Drip","wellness","hydration-drip","/images/treatments/photo-1630595633877-9918ee257288.jpg",local-public,3,"duplicate hub image"
hub,"IV Drips & Wellness","Skin Nutrition Plan","wellness","skin-nutrition-plan","/images/treatments/photo-1630168258841-ea0ae143ee1f.jpg",local-public,3,"duplicate hub image"
hub,"IV Drips & Wellness","Stress, Sleep & Skin","wellness","stress-sleep-skin","/images/treatments/photo-1541715301255-12a4839b424a.jpg",local-public,3,"duplicate hub image"
hub,"IV Drips & Wellness","IV Hydration","wellness","iv-hydration","/images/treatments/photo-1557296387-5358ad7997bb.jpg",local-public,3,"duplicate hub image"
hub,"IV Drips & Wellness","Vitamin C Infusion","wellness","vitamin-c-infusion","/images/treatments/photo-1520529277867-dbf8c5e0b340.jpg",local-public,3,"duplicate hub image"
hub,"IV Drips & Wellness","NAD+ Infusion","wellness","nad-infusion","/images/treatments/photo-1636406269177-4827c00bb263.jpg",local-public,3,"duplicate hub image"
hub,"IV Drips & Wellness","Iron Infusion","wellness","iron-infusion","/images/treatments/photo-1542131597-a4390333d136.jpg",local-public,3,"duplicate hub image"
hub,"IV Drips & Wellness","Skin Health Blood Panel","wellness","skin-blood-panel","/images/treatments/photo-1602033350291-a9ab8d800269.jpg",local-public,3,"duplicate hub image"
hub,"IV Drips & Wellness","Hormone Assessment","wellness","hormone-panel","/images/treatments/photo-1515027037286-7da2d06130cf.jpg",local-public,3,"duplicate hub image"
hub,"IV Drips & Wellness","Food Sensitivity Review","wellness","food-sensitivity","/images/treatments/photo-1578489758854-f134a358f08b.jpg",local-public,3,"duplicate hub image"
hub,"IV Drips & Wellness","Gut–Skin Programme","wellness","gut-skin-programme","/images/treatments/photo-1627295336594-fb96e56ea5f3.jpg",local-public,3,"duplicate hub image"
hub,"IV Drips & Wellness","Sleep & Stress Review","wellness","sleep-stress-review","/images/treatments/photo-1535485156230-020016c5b156.jpg",local-public,3,"duplicate hub image"
hub,"IV Drips & Wellness","Clinical Nutrition Consult","wellness","nutrition-consult","/images/treatments/photo-1594715271011-63c18acf1489.jpg",local-public,3,"duplicate hub image"
hub,"IV Drips & Wellness","Antioxidant Infusion","wellness","antioxidant-drip","/images/treatments/photo-1628501023521-48cece9a6909.jpg",local-public,3,"duplicate hub image"
hub,"IV Drips & Wellness","Immunity Support Infusion","wellness","immunity-support","/images/treatments/photo-1675773051474-55c4b7d2cf53.jpg",local-public,3,"duplicate hub image"
hub,"Bridal & Pre-Event","6-Month Bridal Plan","bridal","bridal-6-month","/images/treatments/photo-1584531910632-0c55032af6d8.jpg",local-public,3,"duplicate hub image"
hub,"Bridal & Pre-Event","3-Month Express Plan","bridal","bridal-3-month","/images/treatments/photo-1706795033728-9232ef548a16.jpg",local-public,3,"duplicate hub image"
hub,"Bridal & Pre-Event","Groom's Package","bridal","groom-package","/images/treatments/photo-1512290923902-8a9f81dc236c.jpg",local-public,3,"duplicate hub image"
hub,"Bridal & Pre-Event","Pre-Event Glow Facial","bridal","pre-event-glow","/images/treatments/photo-1713824096348-c1956e6da321.jpg",local-public,3,"duplicate hub image"
hub,"Bridal & Pre-Event","Bridal Body Prep","bridal","bridal-body-prep","/images/treatments/photo-1573461160327-b450ce3d8e7f.jpg",local-public,3,"duplicate hub image"
hub,"Bridal & Pre-Event","Family & Bridesmaid Package","bridal","family-package","/images/treatments/photo-1585945037805-5fd82c2e60b1.jpg",local-public,3,"duplicate hub image"
hub,"Bridal & Pre-Event","Six-Month Bridal Plan","bridal","six-month-bridal","/images/treatments/photo-1580870069867-74c57ee1bb07.jpg",local-public,3,"duplicate hub image"
hub,"Bridal & Pre-Event","Three-Month Bridal Plan","bridal","three-month-bridal","/images/treatments/photo-1552046122-03184de85e08.jpg",local-public,3,"duplicate hub image"
hub,"Bridal & Pre-Event","Four-Week Polish","bridal","one-month-bridal","/images/treatments/photo-1608571423902-eed4a5ad8108.jpg",local-public,3,"duplicate hub image"
hub,"Bridal & Pre-Event","Week-Of Facial","bridal","week-of-facial","/images/treatments/photo-1619451427882-6aaaded0cc61.jpg",local-public,3,"duplicate hub image"
hub,"Bridal & Pre-Event","Groom's Programme","bridal","groom-programme","/images/treatments/photo-1620916297397-a4a5402a3c6c.jpg",local-public,3,"duplicate hub image"
hub,"Bridal & Pre-Event","Bridal Body Polish","bridal","bridal-body-polish","/images/treatments/photo-1540555700478-4be289fbecef.jpg",local-public,2,"duplicate hub image"
hub,"Bridal & Pre-Event","Bridal Hair Programme","bridal","bridal-hair-programme","/images/treatments/photo-1633179963355-44f57f194d54.jpg",local-public,3,"duplicate hub image"
hub,"Bridal & Pre-Event","Engagement Glow","bridal","engagement-glow","/images/treatments/photo-1624454002302-36b824d7bd0a.jpg",local-public,2,"duplicate hub image"
hub,"Bridal & Pre-Event","Bridal Consultation","bridal","bridal-trial-consult","/images/treatments/photo-1631730486572-226d1f595b68.jpg",local-public,2,"duplicate hub image"
hub,"Bridal & Pre-Event","Post-Event Recovery","bridal","post-wedding-recovery","/images/treatments/photo-1583416750470-965b2707b355.jpg",local-public,2,"duplicate hub image"
hub,"Men's Aesthetics","Male Pattern Hair Loss","mens","mens-hair-loss","/images/treatments/photo-1600334089648-b0d9d3028eb2.jpg",local-public,2,"duplicate hub image"
hub,"Men's Aesthetics","Jawline Sharpening","mens","mens-jawline","/images/treatments/photo-1590540179852-2110a54f813a.jpg",local-public,2,"duplicate hub image"
hub,"Men's Aesthetics","Shaving Acne & Ingrowns","mens","mens-acne","/images/treatments/photo-1773078280516-df823e1c9d78.jpg",local-public,2,"duplicate hub image"
hub,"Men's Aesthetics","Sweat & Odour Control","mens","mens-sweat","/images/treatments/photo-1583417267826-aebc4d1542e1.jpg",local-public,2,"duplicate hub image"
hub,"Men's Aesthetics","Anti-Ageing (Men)","mens","mens-antiaging","/images/treatments/photo-1512663150964-d8f43c899f76.jpg",local-public,2,"duplicate hub image"
hub,"Men's Aesthetics","Back & Chest Hair Removal","mens","mens-back-hair","/images/treatments/photo-1670347850299-dfd2821b5a1f.jpg",local-public,2,"duplicate hub image"
hub,"Men's Aesthetics","Hairline Restoration","mens","mens-hairline","/images/treatments/photo-1557508103-5a4308dc24bb.jpg",local-public,2,"duplicate hub image"
hub,"Men's Aesthetics","Men's Anti-Wrinkle","mens","mens-anti-wrinkle","/images/treatments/photo-1761819921384-819b969a6dfc.jpg",local-public,2,"duplicate hub image"
hub,"Men's Aesthetics","Razor Bump Treatment","mens","razor-bumps","/images/treatments/photo-1785860420936-b4f8bb4de5e1.jpg",local-public,2,"duplicate hub image"
hub,"Men's Aesthetics","Men's Skin Fundamentals","mens","mens-skin-basics","/images/treatments/photo-1785860458107-5be1a99d4188.jpg",local-public,2,"duplicate hub image"
hub,"Men's Aesthetics","Gynecomastia Assessment","mens","gynecomastia-assessment","/images/treatments/photo-1785860333038-5c6dce348544.jpg",local-public,2,"duplicate hub image"
hub,"Men's Aesthetics","Men's Body Hair Reduction","mens","mens-body-hair","/images/treatments/photo-1733685373279-a10ac3f255e7.jpg",local-public,2,"duplicate hub image"
hub,"Men's Aesthetics","Men's Under-Eye Treatment","mens","mens-dark-circles","/images/treatments/photo-1643837833100-8b2ebd7127bc.jpg",local-public,2,"duplicate hub image"
hub,"Men's Aesthetics","Tattoo Removal","mens","mens-tattoo-removal","/images/treatments/photo-1773078280398-18fa2291eef1.jpg",local-public,2,"duplicate hub image"
hub,"Men's Aesthetics","Men's Scalp Treatment","mens","mens-scalp-detox","/images/treatments/photo-1606811971618-4486d14f3f99.jpg",local-public,3,"duplicate hub image"
hub,"Men's Aesthetics","Executive Skin Review","mens","mens-executive-package","/images/treatments/photo-1677026010083-78ec7f1b84ed.jpg",local-public,3,"duplicate hub image"
hub,"Smile Aesthetics","Professional Whitening","dental","teeth-whitening","/images/treatments/photo-1667133295315-820bb6481730.jpg",local-public,2,"duplicate hub image"
hub,"Smile Aesthetics","Clear Aligners","dental","clear-aligners","/images/treatments/photo-1548382131-e0ebb1f0cdea.jpg",local-public,2,"duplicate hub image"
hub,"Smile Aesthetics","Gum Contouring","dental","gum-contouring","/images/treatments/photo-1667133295308-9ef24f71952e.jpg",local-public,2,"duplicate hub image"
hub,"Smile Aesthetics","Smile & Lip Balance","dental","smile-lip-balance","/images/treatments/photo-1654373535457-383a0a4d00f9.jpg",local-public,2,"duplicate hub image"
hub,"Smile Aesthetics","Veneers","dental","veneers","/images/treatments/photo-1562337404-3044c84ac061.jpg",local-public,2,"duplicate hub image"
hub,"Smile Aesthetics","Smile Design Consult","dental","smile-consult","/images/treatments/photo-1567516364473-233c4b6fcfbe.jpg",local-public,2,"duplicate hub image"
hub,"Smile Aesthetics","Supervised Home Whitening","dental","home-whitening-kit","/images/treatments/photo-1611695434369-a8f5d76ceb7b.jpg",local-public,2,"duplicate hub image"
hub,"Smile Aesthetics","Composite Bonding","dental","composite-bonding","/images/treatments/photo-1663755489920-5e09f66d011a.jpg",local-public,2,"duplicate hub image"
hub,"Smile Aesthetics","Porcelain Veneers","dental","porcelain-veneers","/images/treatments/photo-1674775372058-c4c8813c6611.jpg",local-public,2,"duplicate hub image"
hub,"Smile Aesthetics","Scaling & Polishing","dental","scaling-polishing","/images/treatments/photo-1698749778813-ad5f2814e50f.jpg",local-public,2,"duplicate hub image"
hub,"Smile Aesthetics","Dental Implant","dental","dental-implant","/images/treatments/photo-1489278353717-f64c6ee8a4d2.jpg",local-public,3,"duplicate hub image"
hub,"Smile Aesthetics","Full Smile Makeover","dental","smile-makeover","/images/treatments/photo-1606811971618-4486d14f3f99.jpg",local-public,3,"duplicate hub image"
hub,"Smile Aesthetics","Tooth Gem Application","dental","teeth-jewellery","/images/treatments/photo-1677026010083-78ec7f1b84ed.jpg",local-public,3,"duplicate hub image"
hub,"Smile Aesthetics","Night Guard","dental","night-guard","/images/treatments/photo-1581182800629-7d90925ad072.jpg",local-public,3,"duplicate hub image"
hub,"Smile Aesthetics","Dental Aesthetic Consult","dental","dental-consult","/images/treatments/photo-1555820585-c5ae44394b79.jpg",local-public,3,"duplicate hub image"
hub,"Medical Dermatology","Rosacea Management","skin-health","rosacea-treatment","/images/treatments/photo-1763310225009-50214e3c99d9.jpg",local-public,3,"duplicate hub image"
hub,"Medical Dermatology","Anti-Ageing Programme","skin-health","anti-aging-program","/images/treatments/photo-1771946259544-f021c0fff49a.jpg",local-public,3,"duplicate hub image"
hub,"Medical Dermatology","Eczema & Barrier Repair","skin-health","eczema-barrier","/images/treatments/photo-1552256031-811fa8f0a7b1.jpg",local-public,3,"duplicate hub image"
hub,"Medical Dermatology","Sensitised Skin Reset","skin-health","sensitive-skin","/images/treatments/photo-1784798340504-a0893a7743da.jpg",local-public,3,"duplicate hub image"
hub,"Medical Dermatology","Mole & Skin Check","skin-health","mole-check","/images/treatments/photo-1785861001619-b263ebd4e615.jpg",local-public,3,"duplicate hub image"
hub,"Medical Dermatology","Allergy Patch Testing","skin-health","patch-testing","/images/treatments/photo-1781513144825-aa1e284c5950.jpg",local-public,3,"duplicate hub image"
hub,"Medical Dermatology","Full Skin Examination","skin-health","full-skin-check","/images/treatments/photo-1763310225108-9e16920156f3.jpg",local-public,3,"duplicate hub image"
hub,"Medical Dermatology","Digital Dermoscopy","skin-health","dermoscopy","/images/treatments/photo-1654781350550-0dc72ecb6fae.jpg",local-public,3,"duplicate hub image"
hub,"Medical Dermatology","Mole Removal","skin-health","mole-removal","/images/treatments/photo-1669998966162-9837617177cd.jpg",local-public,3,"duplicate hub image"
hub,"Medical Dermatology","Skin Tag Removal","skin-health","skin-tag-removal","/images/treatments/photo-1742280159636-3a06652ac9d9.jpg",local-public,3,"duplicate hub image"
hub,"Medical Dermatology","Wart Treatment","skin-health","wart-treatment","/images/treatments/photo-1700760933574-9f0f4ea9aa3b.jpg",local-public,3,"duplicate hub image"
hub,"Medical Dermatology","Eczema Management","skin-health","eczema-management","/images/treatments/photo-1700760933941-3a06a28fbf47.jpg",local-public,3,"duplicate hub image"
hub,"Medical Dermatology","Psoriasis Management","skin-health","psoriasis-management","/images/treatments/photo-1700760934166-4c766d708139.jpg",local-public,3,"duplicate hub image"
hub,"Medical Dermatology","Rosacea Programme","skin-health","rosacea-programme","/images/treatments/photo-1785861433534-8cd4c7b994fa.jpg",local-public,3,"duplicate hub image"
hub,"Medical Dermatology","Fungal Infection Treatment","skin-health","fungal-infection","/images/treatments/photo-1616391182219-e080b4d1043a.jpg",local-public,3,"duplicate hub image"
hub,"Medical Dermatology","Chronic Hives Workup","skin-health","urticaria-workup","/images/treatments/photo-1589279003513-467d320f47eb.jpg",local-public,3,"duplicate hub image"
hub,"Medical Dermatology","Photoprotection Consult","skin-health","sun-protection-consult","/images/treatments/photo-1573461160327-b450ce3d8e7f.jpg",local-public,3,"duplicate hub image"
hub,"Medical Dermatology","Skin Biopsy","skin-health","skin-biopsy","/images/treatments/photo-1706795033849-7ca391f007c5.jpg",local-public,3,"duplicate hub image"
hub,"Medical Dermatology","Teledermatology Review","skin-health","teledermatology","/images/treatments/photo-1581182815808-b6eb627a8798.jpg",local-public,3,"duplicate hub image"
hub,"Tattoo Removal","Black Ink Removal","tattoo-removal","black-ink-removal","/images/treatments/photo-1785861775561-c6db7da314a0.jpg",local-public,3,"duplicate hub image"
hub,"Tattoo Removal","Coloured Tattoo Removal","tattoo-removal","colour-tattoo-removal","/images/treatments/photo-1754941622138-b3c3671f2fa8.jpg",local-public,3,"duplicate hub image"
hub,"Tattoo Removal","Cosmetic Tattoo Removal","tattoo-removal","cosmetic-tattoo-removal","/images/treatments/photo-1754941622117-97957c5d669b.jpg",local-public,3,"duplicate hub image"
hub,"Tattoo Removal","Tattoo Fading for Cover-Up","tattoo-removal","tattoo-fading","/images/treatments/photo-1754941622136-6664a3f50b2e.jpg",local-public,3,"duplicate hub image"
hub,"Tattoo Removal","Post-Tattoo Scar Treatment","tattoo-removal","scar-after-tattoo","/images/treatments/photo-1598300195998-364bf445842c.jpg",local-public,3,"duplicate hub image"
hub,"Tattoo Removal","Removal Assessment","tattoo-removal","tattoo-removal-consult","/images/treatments/photo-1609357912334-e96886c0212b.jpg",local-public,3,"duplicate hub image"
hub,"Regenerative Aesthetics","PRP Facial Therapy","regenerative","prp-face","/images/treatments/photo-1746017062285-13c77e29fc25.jpg",local-public,3,"duplicate hub image"
hub,"Regenerative Aesthetics","PRF Therapy","regenerative","prf-therapy","/images/treatments/photo-1666446224369-2783384adf02.jpg",local-public,3,"duplicate hub image"
hub,"Regenerative Aesthetics","Exosome Therapy","regenerative","exosome-facial","/images/treatments/photo-1616394584738-fc6e612e71b9.jpg",local-public,3,"duplicate hub image"
hub,"Regenerative Aesthetics","Conditioned Media Therapy","regenerative","stem-cell-conditioned","/images/treatments/photo-1585945037805-5fd82c2e60b1.jpg",local-public,3,"duplicate hub image"
hub,"Regenerative Aesthetics","Collagen Induction Therapy","regenerative","collagen-induction","/images/treatments/photo-1761819922058-d15028ed9817.jpg",local-public,3,"duplicate hub image"
hub,"Regenerative Aesthetics","Skin Booster Course","regenerative","skin-booster-course","/images/treatments/photo-1761819922656-d1b77eef49c0.jpg",local-public,3,"duplicate hub image"
hub,"Regenerative Aesthetics","Regenerative Consultation","regenerative","regenerative-consult","/images/treatments/photo-1599847987657-881f11b92a75.jpg",local-public,3,"duplicate hub image"
hub,"Scars & Marks","Surgical Scar Revision","scars-marks","surgical-scar-revision","/images/treatments/photo-1541752857837-f8a0154fd092.jpg",local-public,3,"duplicate hub image"
hub,"Scars & Marks","C-Section Scar Treatment","scars-marks","c-section-scar","/images/treatments/photo-1741522509438-a120c0bb5e88.jpg",local-public,3,"duplicate hub image"
hub,"Scars & Marks","Burn Scar Treatment","scars-marks","burn-scar-treatment","/images/treatments/photo-1519823551278-64ac92734fb1.jpg",local-public,3,"duplicate hub image"
hub,"Scars & Marks","Early Stretch Mark Treatment","scars-marks","stretch-mark-early","/images/treatments/photo-1745327883508-b6cd32e5dde5.jpg",local-public,3,"duplicate hub image"
hub,"Scars & Marks","Mature Stretch Mark Treatment","scars-marks","stretch-mark-mature","/images/treatments/photo-1639162906614-0603b0ae95fd.jpg",local-public,3,"duplicate hub image"
hub,"Scars & Marks","Birthmark Assessment","scars-marks","birthmark-assessment","/images/treatments/photo-1598300188904-6287d52746ad.jpg",local-public,3,"duplicate hub image"
hub,"Scars & Marks","Port Wine Stain Treatment","scars-marks","port-wine-stain","/images/treatments/photo-1723540634462-528708cc17aa.jpg",local-public,3,"duplicate hub image"
hub,"Scars & Marks","Scar Camouflage","scars-marks","self-harm-scar","/images/treatments/photo-1544161515-4ab6ce6db874.jpg",local-public,3,"duplicate hub image"
hub,"Hands & Feet","Hand Pigmentation Treatment","hands-feet","hand-pigmentation","/images/treatments/photo-1730288951113-9cc087c14b83.jpg",local-public,3,"duplicate hub image"
hub,"Hands & Feet","Hand Volume Restoration","hands-feet","hand-volume","/images/treatments/photo-1696841212541-449ca29397cc.jpg",local-public,3,"duplicate hub image"
hub,"Hands & Feet","Nail Fungus Laser","hands-feet","nail-fungus-laser","/images/treatments/photo-1732993486279-9d0f3b91adb2.jpg",local-public,3,"duplicate hub image"
hub,"Hands & Feet","Cracked Heel Treatment","hands-feet","cracked-heels","/images/treatments/photo-1519824145371-296894a0daa9.jpg",local-public,3,"duplicate hub image"
hub,"Hands & Feet","Callus & Corn Management","hands-feet","callus-management","/images/treatments/photo-1712638932314-e2b185ca0930.jpg",local-public,3,"duplicate hub image"
hub,"Hands & Feet","Plantar Sweat Treatment","hands-feet","sweaty-feet","/images/treatments/photo-1598300188480-626f2f79ab8d.jpg",local-public,3,"duplicate hub image"
hub,"Hands & Feet","Complete Hand Programme","hands-feet","hand-rejuv-programme","/images/treatments/photo-1741522509407-41cfe73b0b75.jpg",local-public,3,"duplicate hub image"
hub,"Lip Aesthetics","Lip Hydration Boost","lips","lip-hydration","/images/treatments/photo-1785861485926-93a13556d656.jpg",local-public,3,"duplicate hub image"
hub,"Lip Aesthetics","Russian Lip Technique","lips","russian-lip","/images/treatments/photo-1761819921052-2c34973e012c.jpg",local-public,3,"duplicate hub image"
hub,"Lip Aesthetics","Lip Border Definition","lips","lip-border-definition","/images/treatments/photo-1785861378703-1c991c4548ef.jpg",local-public,3,"duplicate hub image"
hub,"Lip Aesthetics","Perioral Line Treatment","lips","smokers-lines","/images/treatments/photo-1785861084191-3600dfc2a6d6.jpg",local-public,3,"duplicate hub image"
hub,"Lip Aesthetics","Corner Lift","lips","corner-lip-lift","/images/treatments/photo-1785860945533-918a531bcdeb.jpg",local-public,3,"duplicate hub image"
hub,"Lip Aesthetics","Lip Asymmetry Correction","lips","lip-asymmetry","/images/treatments/photo-1650118791598-1c24d98d400b.jpg",local-public,3,"duplicate hub image"
hub,"Lip Aesthetics","Lip Pigmentation Treatment","lips","lip-pigmentation","/images/treatments/photo-1761819920857-7edc5e808fd3.jpg",local-public,3,"duplicate hub image"
hub,"Lip Aesthetics","Chronic Chapped Lip Care","lips","chapped-lip-programme","/images/treatments/photo-1580870069867-74c57ee1bb07.jpg",local-public,3,"duplicate hub image"
hub,"Brows & Lashes","Microblading","brows-lashes","microblading","/images/treatments/photo-1606501190025-f3ad6d3ea6ae.jpg",local-public,3,"duplicate hub image"
hub,"Brows & Lashes","Powder Brows","brows-lashes","powder-brows","/images/treatments/photo-1676312754401-d97fe43c2c4b.jpg",local-public,3,"duplicate hub image"
hub,"Brows & Lashes","Brow Lamination","brows-lashes","brow-lamination","/images/treatments/photo-1551184451-76b762941ad6.jpg",local-public,3,"duplicate hub image"
hub,"Brows & Lashes","Lash Lift & Tint","brows-lashes","lash-lift-tint","/images/treatments/photo-1501644898242-cfea317d7faf.jpg",local-public,3,"duplicate hub image"
hub,"Brows & Lashes","Lash Extensions","brows-lashes","lash-extensions","/images/treatments/photo-1526413232644-8a40f03cc03b.jpg",local-public,3,"duplicate hub image"
hub,"Brows & Lashes","Brow Shape Mapping","brows-lashes","brow-shaping-consult","/images/treatments/photo-1630595271375-5073a6c0638b.jpg",local-public,3,"duplicate hub image"
hub,"Brows & Lashes","Lash Line Health Review","brows-lashes","lash-line-health","/images/treatments/photo-1596178060671-7a80dc8059ea.jpg",local-public,3,"duplicate hub image"
hub,"Veins & Vascular","Facial Thread Veins","vascular","facial-thread-veins","/images/treatments/photo-1643684391140-c5056cfd3436.jpg",local-public,3,"duplicate hub image"
hub,"Veins & Vascular","Leg Spider Veins","vascular","leg-spider-veins","/images/treatments/photo-1617952986600-802f965dcdbc.jpg",local-public,3,"duplicate hub image"
hub,"Veins & Vascular","Sclerotherapy","vascular","sclerotherapy","/images/treatments/photo-1745336670683-3b5586cb5f19.jpg",local-public,3,"duplicate hub image"
hub,"Veins & Vascular","Cherry Angioma Removal","vascular","cherry-angioma","/images/treatments/photo-1630595633877-9918ee257288.jpg",local-public,3,"duplicate hub image"
hub,"Veins & Vascular","Venous Assessment","vascular","venous-assessment","/images/treatments/photo-1630168258841-ea0ae143ee1f.jpg",local-public,3,"duplicate hub image"
hub,"Veins & Vascular","Rosacea Vessel Treatment","vascular","rosacea-vascular","/images/treatments/photo-1570172619644-dfd03ed5d881.jpg",local-public,3,"duplicate hub image"
hub,"Veins & Vascular","Neck & Chest Redness","vascular","poikiloderma","/images/treatments/photo-1731514771613-991a02407132.jpg",local-public,3,"duplicate hub image"
hub,"Sweat & Odour","Hyperhidrosis Assessment","sweat-odour","hyperhidrosis-assessment","/images/treatments/photo-1541715301255-12a4839b424a.jpg",local-public,3,"duplicate hub image"
hub,"Sweat & Odour","Underarm Treatment","sweat-odour","underarm-sweat-injection","/images/treatments/photo-1576157401730-e73772de4796.jpg",local-public,3,"duplicate hub image"
hub,"Sweat & Odour","Palms & Soles Treatment","sweat-odour","palm-sole-sweat","/images/treatments/photo-1670098073774-440ea94549d0.jpg",local-public,3,"duplicate hub image"
hub,"Sweat & Odour","Iontophoresis","sweat-odour","iontophoresis","/images/treatments/photo-1544717304-a2db4a7b16ee.jpg",local-public,3,"duplicate hub image"
hub,"Sweat & Odour","Microwave Gland Treatment","sweat-odour","microwave-sweat","/images/treatments/photo-1643684460412-76908d8e5a25.jpg",local-public,3,"duplicate hub image"
hub,"Sweat & Odour","Body Odour Management","sweat-odour","body-odour-treatment","/images/treatments/photo-1557296387-5358ad7997bb.jpg",local-public,3,"duplicate hub image"
hub,"Women's Intimate Health","Post-Partum Assessment","womens-health","postpartum-assessment","/images/treatments/photo-1520529277867-dbf8c5e0b340.jpg",local-public,3,"duplicate hub image"
hub,"Women's Intimate Health","Intimate Laser Therapy","womens-health","vaginal-laxity-laser","/images/treatments/photo-1552693673-1bf958298935.jpg",local-public,3,"duplicate hub image"
hub,"Women's Intimate Health","Menopausal Skin Programme","womens-health","menopause-skin","/images/treatments/photo-1636406269177-4827c00bb263.jpg",local-public,3,"duplicate hub image"
hub,"Women's Intimate Health","Pelvic Floor Strengthening","womens-health","pelvic-floor-ems","/images/treatments/photo-1713085085470-fba013d67e65.jpg",local-public,3,"duplicate hub image"
hub,"Women's Intimate Health","Intimate Pigmentation Care","womens-health","intimate-pigmentation","/images/treatments/photo-1542131597-a4390333d136.jpg",local-public,3,"duplicate hub image"
hub,"Women's Intimate Health","Lichen Sclerosus Management","womens-health","lichen-sclerosus","/images/treatments/photo-1602033350291-a9ab8d800269.jpg",local-public,3,"duplicate hub image"
hub,"Women's Intimate Health","Female Hair Thinning Review","womens-health","womens-hair-thinning","/images/treatments/photo-1633179963355-44f57f194d54.jpg",local-public,3,"duplicate hub image"
hub,"Children's Skin","Childhood Eczema Care","paediatric","child-eczema","/images/treatments/photo-1515027037286-7da2d06130cf.jpg",local-public,3,"duplicate hub image"
hub,"Children's Skin","Teenage Acne Programme","paediatric","teen-acne","/images/treatments/photo-1578489758854-f134a358f08b.jpg",local-public,3,"duplicate hub image"
hub,"Children's Skin","Infant Birthmark Review","paediatric","birthmark-review","/images/treatments/photo-1627295336594-fb96e56ea5f3.jpg",local-public,3,"duplicate hub image"
hub,"Children's Skin","Molluscum Contagiosum","paediatric","molluscum","/images/treatments/photo-1535485156230-020016c5b156.jpg",local-public,3,"duplicate hub image"
hub,"Children's Skin","Children's Wart Treatment","paediatric","child-warts","/images/treatments/photo-1594715271011-63c18acf1489.jpg",local-public,3,"duplicate hub image"
hub,"Children's Skin","Persistent Nappy Rash","paediatric","nappy-rash","/images/treatments/photo-1628501023521-48cece9a6909.jpg",local-public,3,"duplicate hub image"
hub,"Children's Skin","Teen Skin Consultation","paediatric","teen-skin-education","/images/treatments/photo-1675773051474-55c4b7d2cf53.jpg",local-public,3,"duplicate hub image"
hub,"Nail Health","Fungal Nail Treatment","nails","fungal-nail-treatment","/images/treatments/photo-1584531910632-0c55032af6d8.jpg",local-public,3,"duplicate hub image"
hub,"Nail Health","Ingrown Toenail Procedure","nails","ingrown-toenail","/images/treatments/photo-1761718209835-c8586b7dcac0.jpg",local-public,3,"duplicate hub image"
hub,"Nail Health","Nail Psoriasis Care","nails","nail-psoriasis","/images/treatments/photo-1761718209708-9ab9ba1c7252.jpg",local-public,3,"duplicate hub image"
hub,"Nail Health","Brittle Nail Investigation","nails","brittle-nails","/images/treatments/photo-1761718209694-70031ee64f82.jpg",local-public,3,"duplicate hub image"
hub,"Nail Health","Nail Pigment Band Review","nails","melanonychia","/images/treatments/photo-1761718209852-54ca4210183e.jpg",local-public,3,"duplicate hub image"
hub,"Nail Health","Nail Trauma Repair","nails","nail-biting-damage","/images/treatments/photo-1611073615830-9f76902c10fe.jpg",local-public,3,"duplicate hub image"
hub,"Recovery & Aftercare","Post-Laser Recovery","post-procedure","post-laser-care","/images/treatments/photo-1552046122-03184de85e08.jpg",local-public,3,"duplicate hub image"
hub,"Recovery & Aftercare","Post-Surgical Skin Care","post-procedure","post-surgical-skin","/images/treatments/photo-1706795033728-9232ef548a16.jpg",local-public,3,"duplicate hub image"
hub,"Recovery & Aftercare","Bruise Clearing","post-procedure","bruise-clearing","/images/treatments/photo-1512290923902-8a9f81dc236c.jpg",local-public,3,"duplicate hub image"
hub,"Recovery & Aftercare","Complication Review","post-procedure","complication-review","/images/treatments/photo-1713824096348-c1956e6da321.jpg",local-public,3,"duplicate hub image"
hub,"Recovery & Aftercare","Filler Migration Correction","post-procedure","filler-migration","/images/treatments/photo-1608571423902-eed4a5ad8108.jpg",local-public,3,"duplicate hub image"
hub,"Recovery & Aftercare","Post-Procedure Drainage","post-procedure","lymphatic-drainage","/images/treatments/photo-1544843776-7c98a52e08a4.jpg",local-public,3,"duplicate hub image"
hub,"Recovery & Aftercare","Advanced Wound Care","post-procedure","wound-care","/images/treatments/photo-1619451427882-6aaaded0cc61.jpg",local-public,3,"duplicate hub image"
hub,"Recovery & Aftercare","Aftercare Planning","post-procedure","aftercare-consult","/images/treatments/photo-1620916297397-a4a5402a3c6c.jpg",local-public,3,"duplicate hub image"