catalogue,category,treatment,slug,slot,sort_order,url,storage,duplicate_count,issue
treatment,"Injectables","Skin Boosters","skin-boosters",HERO,0,"https://images.unsplash.com/photo-1552256031-811fa8f0a7b1?auto=format&fit=crop&w=1400&q=80",external,1,"no result images"
treatment,"Injectables","Skin Boosters","skin-boosters",GALLERY,0,"https://blu-derma.s3.ap-south-1.amazonaws.com/bluderma/treatments/skin-boosters/skin-boosters-gallery-0-c1290849e78d.avif",s3,1,""
treatment,"Injectables","Skin Boosters","skin-boosters",GALLERY,1,"https://blu-derma.s3.ap-south-1.amazonaws.com/bluderma/treatments/skin-boosters/skin-boosters-gallery-1-83108e3b94a7.avif",s3,1,""
treatment,"Injectables","Skin Boosters","skin-boosters",GALLERY,2,"https://blu-derma.s3.ap-south-1.amazonaws.com/bluderma/treatments/skin-boosters/skin-boosters-gallery-2-e521801108b2.avif",s3,1,""
treatment,"Injectables","Anti-Wrinkle (Botulinum Toxin)","botox",HERO,0,"https://images.unsplash.com/photo-1746708810803-722593e53772?auto=format&fit=crop&w=1400&q=80",external,1,"no result images"
treatment,"Injectables","Anti-Wrinkle (Botulinum Toxin)","botox",GALLERY,0,"https://blu-derma.s3.ap-south-1.amazonaws.com/bluderma/treatments/botox/botox-gallery-0-9637fc7a3c0e.avif",s3,1,""
treatment,"Injectables","Anti-Wrinkle (Botulinum Toxin)","botox",GALLERY,1,"https://blu-derma.s3.ap-south-1.amazonaws.com/bluderma/treatments/botox/botox-gallery-1-0444884c4fbe.avif",s3,1,""
treatment,"Injectables","Anti-Wrinkle (Botulinum Toxin)","botox",GALLERY,2,"https://blu-derma.s3.ap-south-1.amazonaws.com/bluderma/treatments/botox/botox-gallery-2-80e55d9a6340.avif",s3,1,""
treatment,"Injectables","Dermal Fillers","dermal-fillers",HERO,0,"https://images.unsplash.com/photo-1746017062285-13c77e29fc25?auto=format&fit=crop&w=1400&q=80",external,1,"no result images"
treatment,"Injectables","Dermal Fillers","dermal-fillers",GALLERY,0,"https://blu-derma.s3.ap-south-1.amazonaws.com/bluderma/treatments/dermal-fillers/dermal-fillers-gallery-0-c8ab68c8e547.avif",s3,1,""
treatment,"Injectables","Dermal Fillers","dermal-fillers",GALLERY,1,"https://blu-derma.s3.ap-south-1.amazonaws.com/bluderma/treatments/dermal-fillers/dermal-fillers-gallery-1-ed1ae5583ca1.avif",s3,1,""
treatment,"Injectables","Dermal Fillers","dermal-fillers",GALLERY,2,"https://blu-derma.s3.ap-south-1.amazonaws.com/bluderma/treatments/dermal-fillers/dermal-fillers-gallery-2-bfebed13554b.avif",s3,1,""
treatment,"Laser & Energy","Laser Toning","laser-toning",HERO,0,"https://images.pexels.com/photos/3985356/pexels-photo-3985356.jpeg?auto=compress&cs=tinysrgb&w=1400",external,1,"no result images"
treatment,"Laser & Energy","Laser Toning","laser-toning",GALLERY,0,"https://blu-derma.s3.ap-south-1.amazonaws.com/bluderma/treatments/laser-toning/laser-toning-gallery-0-c5fdb0544b82.avif",s3,1,""
treatment,"Laser & Energy","Laser Toning","laser-toning",GALLERY,1,"https://images.pexels.com/photos/4586726/pexels-photo-4586726.jpeg?auto=compress&cs=tinysrgb&w=1400",external,1,""
treatment,"Laser & Energy","Laser Toning","laser-toning",GALLERY,2,"https://blu-derma.s3.ap-south-1.amazonaws.com/bluderma/treatments/laser-toning/laser-toning-gallery-2-346070f358c2.avif",s3,1,""
treatment,"Laser & Energy","Clinic Supplies & Devices","clinic-supplies-devices",HERO,0,"https://images.pexels.com/photos/8460227/pexels-photo-8460227.jpeg?auto=compress&cs=tinysrgb&w=1400",external,1,"no result images"
treatment,"Laser & Energy","Clinic Supplies & Devices","clinic-supplies-devices",GALLERY,0,"https://blu-derma.s3.ap-south-1.amazonaws.com/bluderma/treatments/clinic-supplies-devices/clinic-supplies-devices-gallery-0-6344be3e4169.avif",s3,1,""
treatment,"Laser & Energy","Clinic Supplies & Devices","clinic-supplies-devices",GALLERY,1,"https://blu-derma.s3.ap-south-1.amazonaws.com/bluderma/treatments/clinic-supplies-devices/clinic-supplies-devices-gallery-1-26158ee5843b.avif",s3,1,""
treatment,"Laser & Energy","Clinic Supplies & Devices","clinic-supplies-devices",GALLERY,2,"https://blu-derma.s3.ap-south-1.amazonaws.com/bluderma/treatments/clinic-supplies-devices/clinic-supplies-devices-gallery-2-d89096822630.avif",s3,1,""
treatment,"Lifting & Contouring","Thread Lift","thread-lift",HERO,0,"https://images.pexels.com/photos/3762410/pexels-photo-3762410.jpeg?auto=compress&cs=tinysrgb&w=1400",external,1,"no result images"
treatment,"Lifting & Contouring","Thread Lift","thread-lift",GALLERY,0,"https://blu-derma.s3.ap-south-1.amazonaws.com/bluderma/treatments/thread-lift/thread-lift-gallery-0-75254d41d41b.avif",s3,1,""
treatment,"Lifting & Contouring","Thread Lift","thread-lift",GALLERY,1,"https://blu-derma.s3.ap-south-1.amazonaws.com/bluderma/treatments/thread-lift/thread-lift-gallery-1-be35bc9f542c.avif",s3,1,""
treatment,"Lifting & Contouring","Thread Lift","thread-lift",GALLERY,2,"https://blu-derma.s3.ap-south-1.amazonaws.com/bluderma/treatments/thread-lift/thread-lift-gallery-2-8b973e043ba0.avif",s3,1,""
treatment,"Lifting & Contouring","HIFU Skin Tightening","hifu-ultherapy",HERO,0,"https://images.unsplash.com/photo-1598300195863-ac4191dd32a2?auto=format&fit=crop&w=1400&q=80",external,1,"no result images"
treatment,"Lifting & Contouring","HIFU Skin Tightening","hifu-ultherapy",GALLERY,0,"https://blu-derma.s3.ap-south-1.amazonaws.com/bluderma/treatments/hifu-ultherapy/hifu-ultherapy-gallery-0-b08a893be1df.avif",s3,1,""
treatment,"Lifting & Contouring","HIFU Skin Tightening","hifu-ultherapy",GALLERY,1,"https://blu-derma.s3.ap-south-1.amazonaws.com/bluderma/treatments/hifu-ultherapy/hifu-ultherapy-gallery-1-114ff719df53.avif",s3,1,""
treatment,"Lifting & Contouring","HIFU Skin Tightening","hifu-ultherapy",GALLERY,2,"https://blu-derma.s3.ap-south-1.amazonaws.com/bluderma/treatments/hifu-ultherapy/hifu-ultherapy-gallery-2-10b91dfc1e16.avif",s3,1,""
treatment,"Lifting & Contouring","Body Contouring & Body Fillers","body-contouring",HERO,0,"https://images.pexels.com/photos/7772642/pexels-photo-7772642.jpeg?auto=compress&cs=tinysrgb&w=1400",external,1,"no result images"
treatment,"Lifting & Contouring","Body Contouring & Body Fillers","body-contouring",GALLERY,0,"https://images.pexels.com/photos/5042605/pexels-photo-5042605.jpeg?auto=compress&cs=tinysrgb&w=1400",external,1,""
treatment,"Lifting & Contouring","Body Contouring & Body Fillers","body-contouring",GALLERY,1,"https://images.pexels.com/photos/7772681/pexels-photo-7772681.jpeg?auto=compress&cs=tinysrgb&w=1400",external,1,""
treatment,"Lifting & Contouring","Body Contouring & Body Fillers","body-contouring",GALLERY,2,"https://images.pexels.com/photos/27659253/pexels-photo-27659253.jpeg?auto=compress&cs=tinysrgb&w=1400",external,1,""
treatment,"Lifting & Contouring","Fat Dissolving (Lipolysis)","fat-dissolving",HERO,0,"https://images.pexels.com/photos/3985319/pexels-photo-3985319.jpeg?auto=compress&cs=tinysrgb&w=1400",external,1,"no result images"
treatment,"Lifting & Contouring","Fat Dissolving (Lipolysis)","fat-dissolving",GALLERY,0,"https://images.pexels.com/photos/4586708/pexels-photo-4586708.jpeg?auto=compress&cs=tinysrgb&w=1400",external,1,""
treatment,"Lifting & Contouring","Fat Dissolving (Lipolysis)","fat-dissolving",GALLERY,1,"https://images.pexels.com/photos/7581583/pexels-photo-7581583.jpeg?auto=compress&cs=tinysrgb&w=1400",external,1,""
treatment,"Lifting & Contouring","Fat Dissolving (Lipolysis)","fat-dissolving",GALLERY,2,"https://images.pexels.com/photos/8076091/pexels-photo-8076091.jpeg?auto=compress&cs=tinysrgb&w=1400",external,1,""
treatment,"Peels & Resurfacing","Chemical Peels","chemical-peels",HERO,0,"https://images.unsplash.com/photo-1713085085470-fba013d67e65?auto=format&fit=crop&w=1400&q=80",external,1,"no result images"
treatment,"Peels & Resurfacing","Chemical Peels","chemical-peels",GALLERY,0,"https://blu-derma.s3.ap-south-1.amazonaws.com/bluderma/treatments/chemical-peels/chemical-peels-gallery-0-d54f19117d1d.avif",s3,1,""
treatment,"Peels & Resurfacing","Chemical Peels","chemical-peels",GALLERY,1,"https://blu-derma.s3.ap-south-1.amazonaws.com/bluderma/treatments/chemical-peels/chemical-peels-gallery-1-6ad17b2f1cec.avif",s3,1,""
treatment,"Peels & Resurfacing","Chemical Peels","chemical-peels",GALLERY,2,"https://blu-derma.s3.ap-south-1.amazonaws.com/bluderma/treatments/chemical-peels/chemical-peels-gallery-2-8f411d2fc974.avif",s3,1,""
treatment,"Peels & Resurfacing","Microneedling","microneedling",HERO,0,"https://images.pexels.com/photos/5042629/pexels-photo-5042629.jpeg?auto=compress&cs=tinysrgb&w=1400",external,1,"no result images"
treatment,"Peels & Resurfacing","Microneedling","microneedling",GALLERY,0,"https://blu-derma.s3.ap-south-1.amazonaws.com/bluderma/treatments/microneedling/microneedling-gallery-0-f16099f03f08.avif",s3,1,""
treatment,"Peels & Resurfacing","Microneedling","microneedling",GALLERY,1,"https://blu-derma.s3.ap-south-1.amazonaws.com/bluderma/treatments/microneedling/microneedling-gallery-1-2a21ca239c46.avif",s3,1,""
treatment,"Peels & Resurfacing","Microneedling","microneedling",GALLERY,2,"https://blu-derma.s3.ap-south-1.amazonaws.com/bluderma/treatments/microneedling/microneedling-gallery-2-835344414cd6.avif",s3,1,""
treatment,"Peels & Resurfacing","Scar Revision","scar-revision",HERO,0,"https://images.unsplash.com/photo-1552693673-1bf958298935?auto=format&fit=crop&w=1400&q=80",external,1,"no result images"
treatment,"Peels & Resurfacing","Scar Revision","scar-revision",GALLERY,0,"https://blu-derma.s3.ap-south-1.amazonaws.com/bluderma/treatments/scar-revision/scar-revision-gallery-0-0e4231e52747.avif",s3,1,""
treatment,"Peels & Resurfacing","Scar Revision","scar-revision",GALLERY,1,"https://blu-derma.s3.ap-south-1.amazonaws.com/bluderma/treatments/scar-revision/scar-revision-gallery-1-b9d1f7f91c62.avif",s3,1,""
treatment,"Peels & Resurfacing","Scar Revision","scar-revision",GALLERY,2,"https://blu-derma.s3.ap-south-1.amazonaws.com/bluderma/treatments/scar-revision/scar-revision-gallery-2-33f81bd76320.avif",s3,1,""
treatment,"Skin Health","Pigmentation Treatment","pigmentation",HERO,0,"https://images.unsplash.com/photo-1616394584738-fc6e612e71b9?auto=format&fit=crop&w=1400&q=80",external,1,"no result images"
treatment,"Skin Health","Pigmentation Treatment","pigmentation",GALLERY,0,"https://blu-derma.s3.ap-south-1.amazonaws.com/bluderma/treatments/pigmentation/pigmentation-gallery-0-b79409b8824f.avif",s3,1,""
treatment,"Skin Health","Pigmentation Treatment","pigmentation",GALLERY,1,"https://blu-derma.s3.ap-south-1.amazonaws.com/bluderma/treatments/pigmentation/pigmentation-gallery-1-2f8d65e5e96a.avif",s3,1,""
treatment,"Skin Health","Pigmentation Treatment","pigmentation",GALLERY,2,"https://blu-derma.s3.ap-south-1.amazonaws.com/bluderma/treatments/pigmentation/pigmentation-gallery-2-ac4ac37a78cc.avif",s3,1,""
treatment,"Skin Health","Acne Treatment","acne-treatment",HERO,0,"https://images.unsplash.com/photo-1728727267814-792db55ce678?auto=format&fit=crop&w=1400&q=80",external,1,"no result images"
treatment,"Skin Health","Acne Treatment","acne-treatment",GALLERY,0,"https://blu-derma.s3.ap-south-1.amazonaws.com/bluderma/treatments/acne-treatment/acne-treatment-gallery-0-0eac2b814a1a.avif",s3,1,""
treatment,"Skin Health","Acne Treatment","acne-treatment",GALLERY,1,"https://blu-derma.s3.ap-south-1.amazonaws.com/bluderma/treatments/acne-treatment/acne-treatment-gallery-1-1155b38a2205.avif",s3,1,""
treatment,"Skin Health","Acne Treatment","acne-treatment",GALLERY,2,"https://blu-derma.s3.ap-south-1.amazonaws.com/bluderma/treatments/acne-treatment/acne-treatment-gallery-2-20b49806129a.avif",s3,1,""
treatment,"Skin Health","Rosacea Management","rosacea-treatment",HERO,0,"https://images.unsplash.com/photo-1648203276014-20f97ba1f817?auto=format&fit=crop&w=1400&q=80",external,1,"no result images"
treatment,"Skin Health","Rosacea Management","rosacea-treatment",GALLERY,0,"https://blu-derma.s3.ap-south-1.amazonaws.com/bluderma/treatments/rosacea-treatment/rosacea-treatment-gallery-0-cf7ca0d0d1a8.avif",s3,1,""
treatment,"Skin Health","Rosacea Management","rosacea-treatment",GALLERY,1,"https://blu-derma.s3.ap-south-1.amazonaws.com/bluderma/treatments/rosacea-treatment/rosacea-treatment-gallery-1-12772f25a220.avif",s3,1,""
treatment,"Skin Health","Rosacea Management","rosacea-treatment",GALLERY,2,"https://blu-derma.s3.ap-south-1.amazonaws.com/bluderma/treatments/rosacea-treatment/rosacea-treatment-gallery-2-b80812fb2f1e.avif",s3,1,""
treatment,"Skin Health","Melasma Treatment","melasma-treatment",HERO,0,"https://images.unsplash.com/photo-1693004927824-f2623bbedc8b?auto=format&fit=crop&w=1400&q=80",external,1,"no result images"
treatment,"Skin Health","Melasma Treatment","melasma-treatment",GALLERY,0,"https://blu-derma.s3.ap-south-1.amazonaws.com/bluderma/treatments/melasma-treatment/melasma-treatment-gallery-0-bbbd8278b8a5.avif",s3,1,""
treatment,"Skin Health","Melasma Treatment","melasma-treatment",GALLERY,1,"https://blu-derma.s3.ap-south-1.amazonaws.com/bluderma/treatments/melasma-treatment/melasma-treatment-gallery-1-23059f82b933.avif",s3,1,""
treatment,"Skin Health","Melasma Treatment","melasma-treatment",GALLERY,2,"https://blu-derma.s3.ap-south-1.amazonaws.com/bluderma/treatments/melasma-treatment/melasma-treatment-gallery-2-c3cd367fea9b.avif",s3,1,""
treatment,"Skin Health","Anti-Ageing Program","anti-aging-program",HERO,0,"https://images.unsplash.com/photo-1570172619644-dfd03ed5d881?auto=format&fit=crop&w=1400&q=80",external,1,"no result images"
treatment,"Skin Health","Anti-Ageing Program","anti-aging-program",GALLERY,0,"https://blu-derma.s3.ap-south-1.amazonaws.com/bluderma/treatments/anti-aging-program/anti-aging-program-gallery-0-d18ffef3a1a9.avif",s3,1,""
treatment,"Skin Health","Anti-Ageing Program","anti-aging-program",GALLERY,1,"https://blu-derma.s3.ap-south-1.amazonaws.com/bluderma/treatments/anti-aging-program/anti-aging-program-gallery-1-f909f64e824a.avif",s3,1,""
treatment,"Skin Health","Anti-Ageing Program","anti-aging-program",GALLERY,2,"https://blu-derma.s3.ap-south-1.amazonaws.com/bluderma/treatments/anti-aging-program/anti-aging-program-gallery-2-01cb0711b4a8.avif",s3,1,""
treatment,"Skin Health","Collagen Biostimulators","collagen-biostimulators",HERO,0,"https://images.pexels.com/photos/3762756/pexels-photo-3762756.jpeg?auto=compress&cs=tinysrgb&w=1400",external,1,"no result images"
treatment,"Skin Health","Collagen Biostimulators","collagen-biostimulators",GALLERY,0,"https://blu-derma.s3.ap-south-1.amazonaws.com/bluderma/treatments/collagen-biostimulators/collagen-biostimulators-gallery-0-e9497d29e226.avif",s3,1,""
treatment,"Skin Health","Collagen Biostimulators","collagen-biostimulators",GALLERY,1,"https://blu-derma.s3.ap-south-1.amazonaws.com/bluderma/treatments/collagen-biostimulators/collagen-biostimulators-gallery-1-cd2c0d3a9025.avif",s3,1,""
treatment,"Skin Health","Collagen Biostimulators","collagen-biostimulators",GALLERY,2,"https://blu-derma.s3.ap-south-1.amazonaws.com/bluderma/treatments/collagen-biostimulators/collagen-biostimulators-gallery-2-e085687d2317.avif",s3,1,""
treatment,"Skin Health","Exosome Therapy","exosome-therapy",HERO,0,"https://images.pexels.com/photos/8533080/pexels-photo-8533080.jpeg?auto=compress&cs=tinysrgb&w=1400",external,1,"no result images"
treatment,"Skin Health","Exosome Therapy","exosome-therapy",GALLERY,0,"https://blu-derma.s3.ap-south-1.amazonaws.com/bluderma/treatments/exosome-therapy/exosome-therapy-gallery-0-f5b3c491beca.avif",s3,1,""
treatment,"Skin Health","Exosome Therapy","exosome-therapy",GALLERY,1,"https://blu-derma.s3.ap-south-1.amazonaws.com/bluderma/treatments/exosome-therapy/exosome-therapy-gallery-1-3b79de916d0f.avif",s3,1,""
treatment,"Skin Health","Exosome Therapy","exosome-therapy",GALLERY,2,"https://blu-derma.s3.ap-south-1.amazonaws.com/bluderma/treatments/exosome-therapy/exosome-therapy-gallery-2-5dc88053ee40.avif",s3,1,""
treatment,"Skin Health","IV & Wellness Drips","iv-wellness-drips",HERO,0,"https://images.pexels.com/photos/4421486/pexels-photo-4421486.jpeg?auto=compress&cs=tinysrgb&w=1400",external,1,"no result images"
treatment,"Skin Health","IV & Wellness Drips","iv-wellness-drips",GALLERY,0,"https://blu-derma.s3.ap-south-1.amazonaws.com/bluderma/treatments/iv-wellness-drips/iv-wellness-drips-gallery-0-24828cf32b3e.avif",s3,1,""
treatment,"Skin Health","IV & Wellness Drips","iv-wellness-drips",GALLERY,1,"https://blu-derma.s3.ap-south-1.amazonaws.com/bluderma/treatments/iv-wellness-drips/iv-wellness-drips-gallery-1-9af25e59825b.avif",s3,1,""
treatment,"Skin Health","IV & Wellness Drips","iv-wellness-drips",GALLERY,2,"https://blu-derma.s3.ap-south-1.amazonaws.com/bluderma/treatments/iv-wellness-drips/iv-wellness-drips-gallery-2-2f70deff4f7e.avif",s3,1,""
treatment,"Skin Health","Numbing & Adjuncts","numbing-adjuncts",HERO,0,"https://images.pexels.com/photos/5240619/pexels-photo-5240619.jpeg?auto=compress&cs=tinysrgb&w=1400",external,1,"no result images"
treatment,"Skin Health","Numbing & Adjuncts","numbing-adjuncts",GALLERY,0,"https://blu-derma.s3.ap-south-1.amazonaws.com/bluderma/treatments/numbing-adjuncts/numbing-adjuncts-gallery-0-284fb9754806.avif",s3,1,""
treatment,"Skin Health","Numbing & Adjuncts","numbing-adjuncts",GALLERY,1,"https://blu-derma.s3.ap-south-1.amazonaws.com/bluderma/treatments/numbing-adjuncts/numbing-adjuncts-gallery-1-95ccf52d1b09.avif",s3,1,""
treatment,"Skin Health","Numbing & Adjuncts","numbing-adjuncts",GALLERY,2,"https://blu-derma.s3.ap-south-1.amazonaws.com/bluderma/treatments/numbing-adjuncts/numbing-adjuncts-gallery-2-de9db8ae8f84.avif",s3,1,""
treatment,"Skin Health","Cosmeceuticals & Skincare","cosmeceuticals",HERO,0,"https://images.pexels.com/photos/6167446/pexels-photo-6167446.jpeg?auto=compress&cs=tinysrgb&w=1400",external,1,"no result images"
treatment,"Skin Health","Cosmeceuticals & Skincare","cosmeceuticals",GALLERY,0,"https://blu-derma.s3.ap-south-1.amazonaws.com/bluderma/treatments/cosmeceuticals/cosmeceuticals-gallery-0-a58d5081fb7f.avif",s3,1,""
treatment,"Skin Health","Cosmeceuticals & Skincare","cosmeceuticals",GALLERY,1,"https://blu-derma.s3.ap-south-1.amazonaws.com/bluderma/treatments/cosmeceuticals/cosmeceuticals-gallery-1-3b0d41159495.avif",s3,1,""
treatment,"Skin Health","Cosmeceuticals & Skincare","cosmeceuticals",GALLERY,2,"https://images.pexels.com/photos/3785147/pexels-photo-3785147.jpeg?auto=compress&cs=tinysrgb&w=1400",external,1,""
treatment,"Hair Restoration","PRP Hair Restoration","prp-hair",HERO,0,"https://images.pexels.com/photos/28994388/pexels-photo-28994388.jpeg?auto=compress&cs=tinysrgb&w=1400",external,1,"no result images"
treatment,"Hair Restoration","PRP Hair Restoration","prp-hair",GALLERY,0,"https://images.pexels.com/photos/9755382/pexels-photo-9755382.jpeg?auto=compress&cs=tinysrgb&w=1400",external,1,""
treatment,"Hair Restoration","PRP Hair Restoration","prp-hair",GALLERY,1,"https://blu-derma.s3.ap-south-1.amazonaws.com/bluderma/treatments/prp-hair/prp-hair-gallery-1-8986ee2300e9.avif",s3,1,""
treatment,"Hair Restoration","PRP Hair Restoration","prp-hair",GALLERY,2,"https://blu-derma.s3.ap-south-1.amazonaws.com/bluderma/treatments/prp-hair/prp-hair-gallery-2-4b2e1352689f.avif",s3,1,""